Workbook

Sheet tempo de uso de Pipefy
A1: Tester ID | B1: Tempo de Pipefy
A2: 474720822 | B2: Entre 1 e 6 meses
A3: 474721762 | B3: Mais de 1 ano
A4: 473409274 | B4: Entre 1 e 6 meses
A5: 474712413 | B5: Mais de 1 ano
A6: 474722598 | B6: Entre 1 e 6 meses
A7: 474721883 | B7: Mais de 1 ano
A8: 474722788 | B8: Entre 1 e 6 meses
A9: 474721832 | B9: Entre 6 meses e 1 ano
A10: 474722774 | B10: Mais de 1 ano
A11: 474722915 | B11: Menos de 1 mês
A12: 474722960 | B12: Mais de 1 ano
A13: 474721830 | B13: Entre 1 e 6 meses
... A248: 477124314 | B248: Entre 1 e 6 meses

Sheet frequência
A1: Tester ID | B1: Frequência de análises
A2: 474720822 | B2: Nunca
A3: 474721762 | B3: Diariamente
A4: 473409274 | B4: Diariamente
A5: 474722598 | B5: Raramente
A6: 474722788 | B6: Diariamente
A7: 474721883 | B7: Semanalmente
A8: 474721832 | B8: Diariamente
A9: 474722774 | B9: Diariamente
A10: 474722960 | B10: Semanalmente
A11: 474722915 | B11: Diariamente
A12: 474721830 | B12: Diariamente
A13: 474723137 | B13: Diariamente
... A239: 477160484 | B239: Semanalmente

Sheet departamento
A1: Tester ID | B1: Departamento | C1: Utilidade da área
A2: 474720822 | B2: Other: ouvidoria | C2: {=XLOOKUP(A2,'utilidade+tempo+frequencia'!A:A, 'utilidade+tempo+frequencia'!B:B)} -> #N/A
A3: 474721762 | B3: Administrativo | C3: {=XLOOKUP(A3,'utilidade+tempo+frequencia'!A:A, 'utilidade+tempo+frequencia'!B:B)} -> Muito útil
A4: 473409274 | B4: Setor comercial | Vendas | C4: {=XLOOKUP(A4,'utilidade+tempo+frequencia'!A:A, 'utilidade+tempo+frequencia'!B:B)} -> #N/A
A5: 474712413 | B5: Inovação & Desenvolvimento de projetos | C5: {=XLOOKUP(A5,'utilidade+tempo+frequencia'!A:A, 'utilidade+tempo+frequencia'!B:B)} -> #N/A
A6: 474722598 | B6: Administrativo | C6: {=XLOOKUP(A6,'utilidade+tempo+frequencia'!A:A, 'utilidade+tempo+frequencia'!B:B)} -> Nada útil
A7: 474722788 | B7: Setor comercial | Vendas | C7: {=XLOOKUP(A7,'utilidade+tempo+frequencia'!A:A, 'utilidade+tempo+frequencia'!B:B)} -> #N/A
A8: 474721883 | B8: Other: Expedição | C8: {=XLOOKUP(A8,'utilidade+tempo+frequencia'!A:A, 'utilidade+tempo+frequencia'!B:B)} -> #N/A
A9: 474721832 | B9: Administrativo | C9: {=XLOOKUP(A9,'utilidade+tempo+frequencia'!A:A, 'utilidade+tempo+frequencia'!B:B)} -> Muito útil
A10: 474722774 | B10: Inovação & Desenvolvimento de projetos | C10: {=XLOOKUP(A10,'utilidade+tempo+frequencia'!A:A, 'utilidade+tempo+frequencia'!B:B)} -> Muito útil
A11: 474722960 | B11: Operação | Backoffice | C11: {=XLOOKUP(A11,'utilidade+tempo+frequencia'!A:A, 'utilidade+tempo+frequencia'!B:B)} -> Muito útil
A12: 474722915 | B12: Other: KDSC | C12: {=XLOOKUP(A12,'utilidade+tempo+frequencia'!A:A, 'utilidade+tempo+frequencia'!B:B)} -> Muito útil
A13: 474721830 | B13: Administrativo | C13: {=XLOOKUP(A13,'utilidade+tempo+frequencia'!A:A, 'utilidade+tempo+frequencia'!B:B)} -> #N/A
... A249: 477651870 | B249: Setor comercial | Vendas | C249: {=XLOOKUP(A249,'utilidade+tempo+frequencia'!A:A, 'utilidade+tempo+frequencia'!B:B)} -> #N/A

Sheet objetivo da área x tempo
A1: Tester ID | B1: Objetivo da área | C1: Tempo de Pipefy
A2: 474720822 | B2: Comportamento das fases | C2: {=XLOOKUP(A2, 'tempo de uso de Pipefy'!A:A, 'tempo de uso de Pipefy'!B:B)} -> Entre 1 e 6 meses
A3: 474722598 | B3: Comportamento das fases | C3: {=XLOOKUP(A3, 'tempo de uso de Pipefy'!A:A, 'tempo de uso de Pipefy'!B:B)} -> Entre 1 e 6 meses
A4: 474721762 | B4: Desempenho geral | C4: {=XLOOKUP(A4, 'tempo de uso de Pipefy'!A:A, 'tempo de uso de Pipefy'!B:B)} -> Mais de 1 ano
A5: 474721832 | B5: Desempenho geral | C5: {=XLOOKUP(A5, 'tempo de uso de Pipefy'!A:A, 'tempo de uso de Pipefy'!B:B)} -> Entre 6 meses e 1 ano
A6: 474722960 | B6: Desempenho geral | C6: {=XLOOKUP(A6, 'tempo de uso de Pipefy'!A:A, 'tempo de uso de Pipefy'!B:B)} -> Mais de 1 ano
A7: 474722915 | B7: Desempenho geral | C7: {=XLOOKUP(A7, 'tempo de uso de Pipefy'!A:A, 'tempo de uso de Pipefy'!B:B)} -> Menos de 1 mês
A8: 474722774 | B8: Desempenho geral | C8: {=XLOOKUP(A8, 'tempo de uso de Pipefy'!A:A, 'tempo de uso de Pipefy'!B:B)} -> Mais de 1 ano
A9: 474723137 | B9: Desempenho geral | C9: {=XLOOKUP(A9, 'tempo de uso de Pipefy'!A:A, 'tempo de uso de Pipefy'!B:B)} -> Entre 6 meses e 1 ano
A10: 474724095 | B10: Desempenho geral | C10: {=XLOOKUP(A10, 'tempo de uso de Pipefy'!A:A, 'tempo de uso de Pipefy'!B:B)} -> Mais de 1 ano
A11: 473410016 | B11: Desempenho geral | C11: {=XLOOKUP(A11, 'tempo de uso de Pipefy'!A:A, 'tempo de uso de Pipefy'!B:B)} -> Entre 1 e 6 meses
A12: 474724595 | B12: Não tenho certeza | C12: {=XLOOKUP(A12, 'tempo de uso de Pipefy'!A:A, 'tempo de uso de Pipefy'!B:B)} -> Mais de 1 ano
A13: 470952999 | B13: Identificar gargalos | C13: {=XLOOKUP(A13, 'tempo de uso de Pipefy'!A:A, 'tempo de uso de Pipefy'!B:B)} -> Entre 1 e 6 meses
... A175: 477124314 | B175: Desempenho geral | C175: {=XLOOKUP(A175, 'tempo de uso de Pipefy'!A:A, 'tempo de uso de Pipefy'!B:B)} -> Entre 1 e 6 meses

Sheet objetivo da área x frequência
A1: Tester ID | B1: Objetivo da área | C1: Frequência de análises
A2: 474720822 | B2: Comportamento das fases | C2: {=XLOOKUP(A2, 'frequência'!A:A, 'frequência'!B:B)} -> Nunca
A3: 474722598 | B3: Comportamento das fases | C3: {=XLOOKUP(A3, 'frequência'!A:A, 'frequência'!B:B)} -> Raramente
A4: 474721762 | B4: Desempenho geral | C4: {=XLOOKUP(A4, 'frequência'!A:A, 'frequência'!B:B)} -> Diariamente
A5: 474721832 | B5: Desempenho geral | C5: {=XLOOKUP(A5, 'frequência'!A:A, 'frequência'!B:B)} -> Diariamente
A6: 474722960 | B6: Desempenho geral | C6: {=XLOOKUP(A6, 'frequência'!A:A, 'frequência'!B:B)} -> Semanalmente
A7: 474722915 | B7: Desempenho geral | C7: {=XLOOKUP(A7, 'frequência'!A:A, 'frequência'!B:B)} -> Diariamente
A8: 474722774 | B8: Desempenho geral | C8: {=XLOOKUP(A8, 'frequência'!A:A, 'frequência'!B:B)} -> Diariamente
A9: 474723137 | B9: Desempenho geral | C9: {=XLOOKUP(A9, 'frequência'!A:A, 'frequência'!B:B)} -> Diariamente
A10: 474724095 | B10: Desempenho geral | C10: {=XLOOKUP(A10, 'frequência'!A:A, 'frequência'!B:B)} -> Diariamente
A11: 473410016 | B11: Desempenho geral | C11: {=XLOOKUP(A11, 'frequência'!A:A, 'frequência'!B:B)} -> Semanalmente
A12: 474724595 | B12: Não tenho certeza | C12: {=XLOOKUP(A12, 'frequência'!A:A, 'frequência'!B:B)} -> Diariamente
A13: 470952999 | B13: Identificar gargalos | C13: {=XLOOKUP(A13, 'frequência'!A:A, 'frequência'!B:B)} -> Diariamente
... A175: 477124314 | B175: Desempenho geral | C175: {=XLOOKUP(A175, 'frequência'!A:A, 'frequência'!B:B)} -> Nunca

Sheet facilidade x tempo
A1: Tester ID | B1: Facilidade de uso | C1: Tempo de Pipefy
A2: 474722598 | B2: Muito difícil | C2: {=XLOOKUP(A2, 'tempo de uso de Pipefy'!A:A, 'tempo de uso de Pipefy'!B:B)} -> Entre 1 e 6 meses
A3: 474721762 | B3: Fácil | C3: {=XLOOKUP(A3, 'tempo de uso de Pipefy'!A:A, 'tempo de uso de Pipefy'!B:B)} -> Mais de 1 ano
A4: 474722915 | B4: Fácil | C4: {=XLOOKUP(A4, 'tempo de uso de Pipefy'!A:A, 'tempo de uso de Pipefy'!B:B)} -> Menos de 1 mês
A5: 474722774 | B5: Muito fácil | C5: {=XLOOKUP(A5, 'tempo de uso de Pipefy'!A:A, 'tempo de uso de Pipefy'!B:B)} -> Mais de 1 ano
A6: 474722960 | B6: Fácil | C6: {=XLOOKUP(A6, 'tempo de uso de Pipefy'!A:A, 'tempo de uso de Pipefy'!B:B)} -> Mais de 1 ano
A7: 474723137 | B7: Fácil | C7: {=XLOOKUP(A7, 'tempo de uso de Pipefy'!A:A, 'tempo de uso de Pipefy'!B:B)} -> Entre 6 meses e 1 ano
A8: 474724057 | B8: Fácil | C8: {=XLOOKUP(A8, 'tempo de uso de Pipefy'!A:A, 'tempo de uso de Pipefy'!B:B)} -> Mais de 1 ano
A9: 474724017 | B9: Muito fácil | C9: {=XLOOKUP(A9, 'tempo de uso de Pipefy'!A:A, 'tempo de uso de Pipefy'!B:B)} -> Entre 6 meses e 1 ano
A10: 474726053 | B10: Muito fácil | C10: {=XLOOKUP(A10, 'tempo de uso de Pipefy'!A:A, 'tempo de uso de Pipefy'!B:B)} -> Mais de 1 ano
A11: 474725396 | B11: Muito fácil | C11: {=XLOOKUP(A11, 'tempo de uso de Pipefy'!A:A, 'tempo de uso de Pipefy'!B:B)} -> Mais de 1 ano
A12: 474726682 | B12: Muito fácil | C12: {=XLOOKUP(A12, 'tempo de uso de Pipefy'!A:A, 'tempo de uso de Pipefy'!B:B)} -> Mais de 1 ano
A13: 474727533 | B13: Neutro | C13: {=XLOOKUP(A13, 'tempo de uso de Pipefy'!A:A, 'tempo de uso de Pipefy'!B:B)} -> Mais de 1 ano
... A120: 477166019 | B120: Neutro | C120: {=XLOOKUP(A120, 'tempo de uso de Pipefy'!A:A, 'tempo de uso de Pipefy'!B:B)} -> #N/A

Sheet Facilidade x frequencia
A1: Tester ID | B1: Facilidade de uso | C1: Frequência de análises
A2: 474722598 | B2: Muito difícil | C2: {=XLOOKUP(A2, 'frequência'!A:A, 'frequência'!B:B)} -> Raramente
A3: 474721762 | B3: Fácil | C3: {=XLOOKUP(A3, 'frequência'!A:A, 'frequência'!B:B)} -> Diariamente
A4: 474722915 | B4: Fácil | C4: {=XLOOKUP(A4, 'frequência'!A:A, 'frequência'!B:B)} -> Diariamente
A5: 474722774 | B5: Muito fácil | C5: {=XLOOKUP(A5, 'frequência'!A:A, 'frequência'!B:B)} -> Diariamente
A6: 474722960 | B6: Fácil | C6: {=XLOOKUP(A6, 'frequência'!A:A, 'frequência'!B:B)} -> Semanalmente
A7: 474723137 | B7: Fácil | C7: {=XLOOKUP(A7, 'frequência'!A:A, 'frequência'!B:B)} -> Diariamente
A8: 474724057 | B8: Fácil | C8: {=XLOOKUP(A8, 'frequência'!A:A, 'frequência'!B:B)} -> Semanalmente
A9: 474724017 | B9: Muito fácil | C9: {=XLOOKUP(A9, 'frequência'!A:A, 'frequência'!B:B)} -> Diariamente
A10: 474726053 | B10: Muito fácil | C10: {=XLOOKUP(A10, 'frequência'!A:A, 'frequência'!B:B)} -> Mensalmente
A11: 474725396 | B11: Muito fácil | C11: {=XLOOKUP(A11, 'frequência'!A:A, 'frequência'!B:B)} -> Diariamente
A12: 474726682 | B12: Muito fácil | C12: {=XLOOKUP(A12, 'frequência'!A:A, 'frequência'!B:B)} -> Diariamente
A13: 474727533 | B13: Neutro | C13: {=XLOOKUP(A13, 'frequência'!A:A, 'frequência'!B:B)} -> Diariamente
... A120: 477166019 | B120: Neutro | C120: {=XLOOKUP(A120, 'frequência'!A:A, 'frequência'!B:B)} -> #N/A

Sheet  Facilidade + tempo + frequenci
A1: Tester ID | B1: Facilidade de uso | C1: Tempo de Pipefy | D1: Frequência de análises
A2: 474722598 | B2: Muito difícil | C2: {=XLOOKUP(A2, 'tempo de uso de Pipefy'!A:A, 'tempo de uso de Pipefy'!B:B)} -> Entre 1 e 6 meses | D2: {=XLOOKUP(A2, 'frequência'!A:A, 'frequência'!B:B)} -> Raramente
A3: 474721762 | B3: Fácil | C3: {=XLOOKUP(A3, 'tempo de uso de Pipefy'!A:A, 'tempo de uso de Pipefy'!B:B)} -> Mais de 1 ano | D3: {=XLOOKUP(A3, 'frequência'!A:A, 'frequência'!B:B)} -> Diariamente
A4: 474722915 | B4: Fácil | C4: {=XLOOKUP(A4, 'tempo de uso de Pipefy'!A:A, 'tempo de uso de Pipefy'!B:B)} -> Menos de 1 mês | D4: {=XLOOKUP(A4, 'frequência'!A:A, 'frequência'!B:B)} -> Diariamente
A5: 474722774 | B5: Muito fácil | C5: {=XLOOKUP(A5, 'tempo de uso de Pipefy'!A:A, 'tempo de uso de Pipefy'!B:B)} -> Mais de 1 ano | D5: {=XLOOKUP(A5, 'frequência'!A:A, 'frequência'!B:B)} -> Diariamente
A6: 474722960 | B6: Fácil | C6: {=XLOOKUP(A6, 'tempo de uso de Pipefy'!A:A, 'tempo de uso de Pipefy'!B:B)} -> Mais de 1 ano | D6: {=XLOOKUP(A6, 'frequência'!A:A, 'frequência'!B:B)} -> Semanalmente
A7: 474723137 | B7: Fácil | C7: {=XLOOKUP(A7, 'tempo de uso de Pipefy'!A:A, 'tempo de uso de Pipefy'!B:B)} -> Entre 6 meses e 1 ano | D7: {=XLOOKUP(A7, 'frequência'!A:A, 'frequência'!B:B)} -> Diariamente
A8: 474724057 | B8: Fácil | C8: {=XLOOKUP(A8, 'tempo de uso de Pipefy'!A:A, 'tempo de uso de Pipefy'!B:B)} -> Mais de 1 ano | D8: {=XLOOKUP(A8, 'frequência'!A:A, 'frequência'!B:B)} -> Semanalmente
A9: 474724017 | B9: Muito fácil | C9: {=XLOOKUP(A9, 'tempo de uso de Pipefy'!A:A, 'tempo de uso de Pipefy'!B:B)} -> Entre 6 meses e 1 ano | D9: {=XLOOKUP(A9, 'frequência'!A:A, 'frequência'!B:B)} -> Diariamente
A10: 474726053 | B10: Muito fácil | C10: {=XLOOKUP(A10, 'tempo de uso de Pipefy'!A:A, 'tempo de uso de Pipefy'!B:B)} -> Mais de 1 ano | D10: {=XLOOKUP(A10, 'frequência'!A:A, 'frequência'!B:B)} -> Mensalmente
A11: 474725396 | B11: Muito fácil | C11: {=XLOOKUP(A11, 'tempo de uso de Pipefy'!A:A, 'tempo de uso de Pipefy'!B:B)} -> Mais de 1 ano | D11: {=XLOOKUP(A11, 'frequência'!A:A, 'frequência'!B:B)} -> Diariamente
A12: 474726682 | B12: Muito fácil | C12: {=XLOOKUP(A12, 'tempo de uso de Pipefy'!A:A, 'tempo de uso de Pipefy'!B:B)} -> Mais de 1 ano | D12: {=XLOOKUP(A12, 'frequência'!A:A, 'frequência'!B:B)} -> Diariamente
A13: 474727533 | B13: Neutro | C13: {=XLOOKUP(A13, 'tempo de uso de Pipefy'!A:A, 'tempo de uso de Pipefy'!B:B)} -> Mais de 1 ano | D13: {=XLOOKUP(A13, 'frequência'!A:A, 'frequência'!B:B)} -> Diariamente
... A119: 477124314 | B119: Neutro | C119: {=XLOOKUP(A119, 'tempo de uso de Pipefy'!A:A, 'tempo de uso de Pipefy'!B:B)} -> Entre 1 e 6 meses | D119: {=XLOOKUP(A119, 'frequência'!A:A, 'frequência'!B:B)} -> Nunca

Sheet utilidade+tempo+frequencia
A1: Tester ID | B1: Utilidade | C1: Tempo de Pipefy | D1: Frequência de análises
A2: 474722598 | B2: Nada útil | C2: {=XLOOKUP(A2, 'tempo de uso de Pipefy'!A:A, 'tempo de uso de Pipefy'!B:B)} -> Entre 1 e 6 meses | D2: {=XLOOKUP(A2, 'frequência'!A:A, 'frequência'!B:B)} -> Raramente
A3: 474721762 | B3: Muito útil | C3: {=XLOOKUP(A3, 'tempo de uso de Pipefy'!A:A, 'tempo de uso de Pipefy'!B:B)} -> Mais de 1 ano | D3: {=XLOOKUP(A3, 'frequência'!A:A, 'frequência'!B:B)} -> Diariamente
A4: 474722915 | B4: Muito útil | C4: {=XLOOKUP(A4, 'tempo de uso de Pipefy'!A:A, 'tempo de uso de Pipefy'!B:B)} -> Menos de 1 mês | D4: {=XLOOKUP(A4, 'frequência'!A:A, 'frequência'!B:B)} -> Diariamente
A5: 474722774 | B5: Muito útil | C5: {=XLOOKUP(A5, 'tempo de uso de Pipefy'!A:A, 'tempo de uso de Pipefy'!B:B)} -> Mais de 1 ano | D5: {=XLOOKUP(A5, 'frequência'!A:A, 'frequência'!B:B)} -> Diariamente
A6: 474722960 | B6: Muito útil | C6: {=XLOOKUP(A6, 'tempo de uso de Pipefy'!A:A, 'tempo de uso de Pipefy'!B:B)} -> Mais de 1 ano | D6: {=XLOOKUP(A6, 'frequência'!A:A, 'frequência'!B:B)} -> Semanalmente
A7: 474723137 | B7: Útil | C7: {=XLOOKUP(A7, 'tempo de uso de Pipefy'!A:A, 'tempo de uso de Pipefy'!B:B)} -> Entre 6 meses e 1 ano | D7: {=XLOOKUP(A7, 'frequência'!A:A, 'frequência'!B:B)} -> Diariamente
A8: 474724057 | B8: Útil | C8: {=XLOOKUP(A8, 'tempo de uso de Pipefy'!A:A, 'tempo de uso de Pipefy'!B:B)} -> Mais de 1 ano | D8: {=XLOOKUP(A8, 'frequência'!A:A, 'frequência'!B:B)} -> Semanalmente
A9: 474724017 | B9: Muito útil | C9: {=XLOOKUP(A9, 'tempo de uso de Pipefy'!A:A, 'tempo de uso de Pipefy'!B:B)} -> Entre 6 meses e 1 ano | D9: {=XLOOKUP(A9, 'frequência'!A:A, 'frequência'!B:B)} -> Diariamente
A10: 474726053 | B10: Muito útil | C10: {=XLOOKUP(A10, 'tempo de uso de Pipefy'!A:A, 'tempo de uso de Pipefy'!B:B)} -> Mais de 1 ano | D10: {=XLOOKUP(A10, 'frequência'!A:A, 'frequência'!B:B)} -> Mensalmente
A11: 474726682 | B11: Muito útil | C11: {=XLOOKUP(A11, 'tempo de uso de Pipefy'!A:A, 'tempo de uso de Pipefy'!B:B)} -> Mais de 1 ano | D11: {=XLOOKUP(A11, 'frequência'!A:A, 'frequência'!B:B)} -> Diariamente
A12: 474725396 | B12: Muito útil | C12: {=XLOOKUP(A12, 'tempo de uso de Pipefy'!A:A, 'tempo de uso de Pipefy'!B:B)} -> Mais de 1 ano | D12: {=XLOOKUP(A12, 'frequência'!A:A, 'frequência'!B:B)} -> Diariamente
A13: 474727533 | B13: Útil | C13: {=XLOOKUP(A13, 'tempo de uso de Pipefy'!A:A, 'tempo de uso de Pipefy'!B:B)} -> Mais de 1 ano | D13: {=XLOOKUP(A13, 'frequência'!A:A, 'frequência'!B:B)} -> Diariamente
... A117: 476693711 | B117: Muito útil | C117: {=XLOOKUP(A117, 'tempo de uso de Pipefy'!A:A, 'tempo de uso de Pipefy'!B:B)} -> Entre 1 e 6 meses | D117: {=XLOOKUP(A117, 'frequência'!A:A, 'frequência'!B:B)} -> Semanalmente

Sheet utilidade + frequencia
A1: Tester ID | B1: Utilidade | C1: Frequência de análises
A2: 474722598 | B2: Nada útil | C2: {=XLOOKUP(A2, 'frequência'!A:A, 'frequência'!B:B)} -> Raramente
A3: 474721762 | B3: Muito útil | C3: {=XLOOKUP(A3, 'frequência'!A:A, 'frequência'!B:B)} -> Diariamente
A4: 474722915 | B4: Muito útil | C4: {=XLOOKUP(A4, 'frequência'!A:A, 'frequência'!B:B)} -> Diariamente
A5: 474722774 | B5: Muito útil | C5: {=XLOOKUP(A5, 'frequência'!A:A, 'frequência'!B:B)} -> Diariamente
A6: 474722960 | B6: Muito útil | C6: {=XLOOKUP(A6, 'frequência'!A:A, 'frequência'!B:B)} -> Semanalmente
A7: 474723137 | B7: Útil | C7: {=XLOOKUP(A7, 'frequência'!A:A, 'frequência'!B:B)} -> Diariamente
A8: 474724057 | B8: Útil | C8: {=XLOOKUP(A8, 'frequência'!A:A, 'frequência'!B:B)} -> Semanalmente
A9: 474724017 | B9: Muito útil | C9: {=XLOOKUP(A9, 'frequência'!A:A, 'frequência'!B:B)} -> Diariamente
A10: 474726053 | B10: Muito útil | C10: {=XLOOKUP(A10, 'frequência'!A:A, 'frequência'!B:B)} -> Mensalmente
A11: 474726682 | B11: Muito útil | C11: {=XLOOKUP(A11, 'frequência'!A:A, 'frequência'!B:B)} -> Diariamente
A12: 474725396 | B12: Muito útil | C12: {=XLOOKUP(A12, 'frequência'!A:A, 'frequência'!B:B)} -> Diariamente
A13: 474727533 | B13: Útil | C13: {=XLOOKUP(A13, 'frequência'!A:A, 'frequência'!B:B)} -> Diariamente
... A118: 477166019 | B118: Neutro | C118: {=XLOOKUP(A118, 'frequência'!A:A, 'frequência'!B:B)} -> #N/A

Sheet utilidade + tempo
A1: Tester ID | B1: Utilidade | C1: Tempo de Pipefy
A2: 474722598 | B2: Nada útil | C2: {=XLOOKUP(A2, 'tempo de uso de Pipefy'!A:A, 'tempo de uso de Pipefy'!B:B)} -> Entre 1 e 6 meses
A3: 474721762 | B3: Muito útil | C3: {=XLOOKUP(A3, 'tempo de uso de Pipefy'!A:A, 'tempo de uso de Pipefy'!B:B)} -> Mais de 1 ano
A4: 474722915 | B4: Muito útil | C4: {=XLOOKUP(A4, 'tempo de uso de Pipefy'!A:A, 'tempo de uso de Pipefy'!B:B)} -> Menos de 1 mês
A5: 474722774 | B5: Muito útil | C5: {=XLOOKUP(A5, 'tempo de uso de Pipefy'!A:A, 'tempo de uso de Pipefy'!B:B)} -> Mais de 1 ano
A6: 474722960 | B6: Muito útil | C6: {=XLOOKUP(A6, 'tempo de uso de Pipefy'!A:A, 'tempo de uso de Pipefy'!B:B)} -> Mais de 1 ano
A7: 474723137 | B7: Útil | C7: {=XLOOKUP(A7, 'tempo de uso de Pipefy'!A:A, 'tempo de uso de Pipefy'!B:B)} -> Entre 6 meses e 1 ano
A8: 474724057 | B8: Útil | C8: {=XLOOKUP(A8, 'tempo de uso de Pipefy'!A:A, 'tempo de uso de Pipefy'!B:B)} -> Mais de 1 ano
A9: 474724017 | B9: Muito útil | C9: {=XLOOKUP(A9, 'tempo de uso de Pipefy'!A:A, 'tempo de uso de Pipefy'!B:B)} -> Entre 6 meses e 1 ano
A10: 474726053 | B10: Muito útil | C10: {=XLOOKUP(A10, 'tempo de uso de Pipefy'!A:A, 'tempo de uso de Pipefy'!B:B)} -> Mais de 1 ano
A11: 474726682 | B11: Muito útil | C11: {=XLOOKUP(A11, 'tempo de uso de Pipefy'!A:A, 'tempo de uso de Pipefy'!B:B)} -> Mais de 1 ano
A12: 474725396 | B12: Muito útil | C12: {=XLOOKUP(A12, 'tempo de uso de Pipefy'!A:A, 'tempo de uso de Pipefy'!B:B)} -> Mais de 1 ano
A13: 474727533 | B13: Útil | C13: {=XLOOKUP(A13, 'tempo de uso de Pipefy'!A:A, 'tempo de uso de Pipefy'!B:B)} -> Mais de 1 ano
... A117: 476693711 | B117: Muito útil | C117: {=XLOOKUP(A117, 'tempo de uso de Pipefy'!A:A, 'tempo de uso de Pipefy'!B:B)} -> Entre 1 e 6 meses

Sheet comentários facilidade
A1: Maze ID | B1: Block ID | C1: Block type | D1: Block title | E1: Block description | F1: Tester ID | G1: Started at | H1: Completed at | I1: Study duration (seconds) | J1: Device type | K1: OS | L1: Vendor | M1: Model | N1: Browser | O1: Browser version | P1: Language | Q1: Source | R1: Reach email | S1: Conversation ID | T1: Answer
A2: 469908113 | B2: e1a1ca5b-4db7-4b4c-a025-50ef86b79eca | C2: open_question | D2: Gostaria de deixar algum comentário sobre a sua nota? (opcional) | F2: 474721762 | G2: 45988.56 | H2: 45988.563 | I2: 279.7 | K2: Windows | N2: Chrome | O2: 142.0.0.0 | P2: pt-BR | Q2: link | S2: f1d075d0-edeb-4ab8-94fc-25dcf8dad399 | T2: f
A3: 469908113 | B3: e1a1ca5b-4db7-4b4c-a025-50ef86b79eca | C3: open_question | D3: Gostaria de deixar algum comentário sobre a sua nota? (opcional) | F3: 474722960 | G3: 45988.562 | H3: 45988.566 | I3: 334.8 | K3: Windows | N3: Chrome | O3: 142.0.0.0 | P3: pt-BR | Q3: link | S3: 0b1e7686-734e-4ae4-ad42-592f2301eb28 | T3: Achei a interface bem intuitiva e organizada, caso for eventualmente implementada irá gerar um grande valor em minha organização, porém questiono a possibilidade de personalização da demonstração dos dados e como se comportaria caso selecionado Pipefys não padronizados.
A4: 469908113 | B4: e1a1ca5b-4db7-4b4c-a025-50ef86b79eca | C4: open_question | D4: Gostaria de deixar algum comentário sobre a sua nota? (opcional) | F4: 474723137 | G4: 45988.563 | H4: 45988.567 | I4: 371.9 | K4: Windows | N4: Chrome | O4: 142.0.0.0 | P4: pt-BR | Q4: link | S4: f0a0ff52-d15a-4882-a7ba-612546580088 | T4: Tive um pouco de dificuldade, achei que era pra colocar o que eu achava, não a ordem que apareceu no slide
A5: 469908113 | B5: e1a1ca5b-4db7-4b4c-a025-50ef86b79eca | C5: open_question | D5: Gostaria de deixar algum comentário sobre a sua nota? (opcional) | F5: 474724017 | G5: 45988.564 | H5: 45988.569 | I5: 485.1 | K5: Windows | N5: Chrome | O5: 142.0.0.0 | P5: pt-PT | Q5: link | S5: 27219a6a-6def-4378-91c9-50307a65f789 | T5: Ferramenta útil e intuitiva.
A6: 469908113 | B6: e1a1ca5b-4db7-4b4c-a025-50ef86b79eca | C6: open_question | D6: Gostaria de deixar algum comentário sobre a sua nota? (opcional) | F6: 474725396 | G6: 45988.569 | H6: 45988.572 | I6: 280.4 | K6: Windows | N6: Chrome | O6: 142.0.0.0 | P6: pt-BR | Q6: link | S6: 4d06489c-60f7-4402-921b-a5c6c1237890 | T6: Ficou perfeito!!!! Eu tenho um relatório que criei para acompanhar exatamente isso!!! Quando posso usar?
A7: 469908113 | B7: e1a1ca5b-4db7-4b4c-a025-50ef86b79eca | C7: open_question | D7: Gostaria de deixar algum comentário sobre a sua nota? (opcional) | F7: 474727410 | G7: 45988.571 | H7: 45988.573 | I7: 177.1 | K7: Windows | N7: Chrome | O7: 142.0.0.0 | P7: pt-BR | Q7: link | S7: 52d3f79c-136f-4257-9ef0-dd3d162ed726 | T7: |Parabéns
A8: 469908113 | B8: e1a1ca5b-4db7-4b4c-a025-50ef86b79eca | C8: open_question | D8: Gostaria de deixar algum comentário sobre a sua nota? (opcional) | F8: 474728026 | G8: 45988.572 | H8: 45988.574 | I8: 178.4 | K8: Windows | N8: Edge | O8: 142.0.0.0 | P8: pt-BR | Q8: link | S8: 8d780a39-bb50-4367-944e-60dcb5be6ba0 | T8: Rotina tem nos auxiliado de maneira satisfatória.
A9: 469908113 | B9: e1a1ca5b-4db7-4b4c-a025-50ef86b79eca | C9: open_question | D9: Gostaria de deixar algum comentário sobre a sua nota? (opcional) | F9: 474721832 | G9: 45988.562 | H9: 45988.574 | I9: 1107 | K9: Windows | N9: Chrome | O9: 142.0.0.0 | P9: pt-PT | Q9: link | S9: 86013cf2-42e5-4b06-90d3-fd113ce6daaa | T9: excelente
A10: 469908113 | B10: e1a1ca5b-4db7-4b4c-a025-50ef86b79eca | C10: open_question | D10: Gostaria de deixar algum comentário sobre a sua nota? (opcional) | F10: 474728106 | G10: 45988.573 | H10: 45988.575 | I10: 211 | K10: Windows | N10: Chrome | O10: 142.0.0.0 | P10: pt | Q10: link | S10: a1cf3648-739f-4666-b702-a06a5f78a72f | T10: N/A
A11: 469908113 | B11: e1a1ca5b-4db7-4b4c-a025-50ef86b79eca | C11: open_question | D11: Gostaria de deixar algum comentário sobre a sua nota? (opcional) | F11: 474732088 | G11: 45988.578 | H11: 45988.58 | I11: 183.6 | K11: Windows | N11: Chrome | O11: 142.0.0.0 | P11: pt-BR | Q11: link | S11: fb1f7a97-36f6-4194-8902-ee65d424b73d | T11: NA
A12: 469908113 | B12: e1a1ca5b-4db7-4b4c-a025-50ef86b79eca | C12: open_question | D12: Gostaria de deixar algum comentário sobre a sua nota? (opcional) | F12: 474728403 | G12: 45988.573 | H12: 45988.58 | I12: 577.4 | K12: Windows | N12: Chrome | O12: 142.0.0.0 | P12: pt-BR | Q12: link | S12: ad10e842-0497-416f-be79-43aef1b0e38b | T12: O incremento da plataforma é muito útil e traz muita clareza para a gestão do processo
A13: 469908113 | B13: e1a1ca5b-4db7-4b4c-a025-50ef86b79eca | C13: open_question | D13: Gostaria de deixar algum comentário sobre a sua nota? (opcional) | F13: 474732187 | G13: 45988.578 | H13: 45988.58 | I13: 164 | K13: Windows | N13: Chrome | O13: 142.0.0.0 | P13: pt | Q13: link | S13: e84e62d2-04e2-4d32-b89e-b8f1780d34e2 | T13: NÃO
... A17: 469908113 | B17: e1a1ca5b-4db7-4b4c-a025-50ef86b79eca | C17: open_question | D17: Gostaria de deixar algum comentário sobre a sua nota? (opcional) | F17: 474755777 | G17: 45988.604 | H17: 45988.607 | I17: 223.3 | K17: Windows | N17: Chrome | O17: 142.0.0.0 | P17: pt-BR | Q17: link | S17: 35aaa6ef-6e23-4c6b-afb9-56437dea93e9 | T17: Ficou bem dinâmica, fluida e de fácil entendimento.
A18: 469908113 | B18: e1a1ca5b-4db7-4b4c-a025-50ef86b79eca | C18: open_question | D18: Gostaria de deixar algum comentário sobre a sua nota? (opcional) | F18: 474761623 | G18: 45988.61 | H18: 45988.611 | I18: 116.2 | K18: Windows | N18: Edge | O18: 142.0.0.0 | P18: en-US | Q18: link | S18: 2303b048-34a3-4efa-b34b-d79343a01455
A19: 469908113 | B19: e1a1ca5b-4db7-4b4c-a025-50ef86b79eca | C19: open_question | D19: Gostaria de deixar algum comentário sobre a sua nota? (opcional) | F19: 474753423 | G19: 45988.613 | H19: 45988.617 | I19: 341.8 | K19: Windows | N19: Chrome | O19: 142.0.0.0 | P19: pt-BR | Q19: link | S19: 4ec9e092-47d7-4522-815a-31b58f018127 | T19: Sem comentários.
A20: 469908113 | B20: e1a1ca5b-4db7-4b4c-a025-50ef86b79eca | C20: open_question | D20: Gostaria de deixar algum comentário sobre a sua nota? (opcional) | F20: 474723967 | G20: 45988.569 | H20: 45988.626 | I20: 4903 | K20: Windows | N20: Chrome | O20: 142.0.0.0 | P20: pt-BR | Q20: link | S20: 7590763b-d231-45ea-9eb9-254ab2acde0d | T20: Porque a plataforma tem muitas questões negativas que não é sinalizada para nós que a usamos. EX: NÃO INFORMA PROBLEMAS PONTUAIS QUANDO OCORREM.
A21: 469908113 | B21: e1a1ca5b-4db7-4b4c-a025-50ef86b79eca | C21: open_question | D21: Gostaria de deixar algum comentário sobre a sua nota? (opcional) | F21: 474753116 | G21: 45988.622 | H21: 45988.627 | I21: 433.8 | K21: Windows | N21: Chrome | O21: 142.0.0.0 | P21: pt-BR | Q21: link | S21: ae47a910-c6f2-4f9b-8ed0-0fb72a76955c | T21: Gostaria de ser Beta Tester dessa funcionalidade
A22: 469908113 | B22: e1a1ca5b-4db7-4b4c-a025-50ef86b79eca | C22: open_question | D22: Gostaria de deixar algum comentário sobre a sua nota? (opcional) | F22: 474790237 | G22: 45988.638 | H22: 45988.641 | I22: 240 | K22: Windows | N22: Chrome | O22: 142.0.0.0 | P22: pt-BR | Q22: link | S22: 7dcb84cc-a007-43bd-9659-878cdb32e5bf | T22: .
A23: 469908113 | B23: e1a1ca5b-4db7-4b4c-a025-50ef86b79eca | C23: open_question | D23: Gostaria de deixar algum comentário sobre a sua nota? (opcional) | F23: 474764417 | G23: 45988.643 | H23: 45988.654 | I23: 966 | K23: Windows | N23: Chrome | O23: 142.0.0.0 | P23: pt-BR | Q23: link | S23: d148a2e3-fca0-403a-ae7d-d98bb8d3afc0 | T23: Corrige meu problema.
A24: 469908113 | B24: e1a1ca5b-4db7-4b4c-a025-50ef86b79eca | C24: open_question | D24: Gostaria de deixar algum comentário sobre a sua nota? (opcional) | F24: 474810882 | G24: 45988.67 | H24: 45988.672 | I24: 166.3 | K24: Windows | N24: Chrome | O24: 142.0.0.0 | P24: pt-BR | Q24: link | S24: f799cadd-7f96-40f6-8192-4c1b4f94006d | T24: Nâo.
A25: 469908113 | B25: e1a1ca5b-4db7-4b4c-a025-50ef86b79eca | C25: open_question | D25: Gostaria de deixar algum comentário sobre a sua nota? (opcional) | F25: 474806873 | G25: 45988.674 | H25: 45988.676 | I25: 170.7 | K25: Windows | N25: Edge | O25: 142.0.0.0 | P25: pt-BR | Q25: link | S25: e16a7f4e-5b81-4b74-87e7-3e97aaf4f77a | T25: .
A26: 469908113 | B26: e1a1ca5b-4db7-4b4c-a025-50ef86b79eca | C26: open_question | D26: Gostaria de deixar algum comentário sobre a sua nota? (opcional) | F26: 474804361 | G26: 45988.673 | H26: 45988.677 | I26: 345.9 | K26: Windows | N26: Chrome | O26: 141.0.0.0 | P26: pt-BR | Q26: link | S26: 39cd539e-8058-493c-900d-c1ba7a12c04a | T26: Não
A27: 469908113 | B27: e1a1ca5b-4db7-4b4c-a025-50ef86b79eca | C27: open_question | D27: Gostaria de deixar algum comentário sobre a sua nota? (opcional) | F27: 474819359 | G27: 45988.681 | H27: 45988.683 | I27: 164.2 | K27: Windows | N27: Chrome | O27: 142.0.0.0 | P27: pt-BR | Q27: link | S27: ff5e0103-c39a-455a-a60e-6035f9d37ef6 | T27: necessário fases mais intuitivas relacionado a fases, criação de cards, comentários
A28: 469908113 | B28: e1a1ca5b-4db7-4b4c-a025-50ef86b79eca | C28: open_question | D28: Gostaria de deixar algum comentário sobre a sua nota? (opcional) | F28: 474832157 | G28: 45988.701 | H28: 45988.736 | I28: 2998.5 | K28: Windows | N28: Chrome | O28: 142.0.0.0 | P28: pt-BR | Q28: link | S28: 5b6885b7-d6ec-46b4-aed7-fd047e7305dd | T28: nem todas as métricas são úteis no dia a dia. As métricas podem ser mais simples. quantidade de cards por fase, tempo médio por fase, tempo médio. Uma análise muito interessante seria a visualização das solicitações na forma de pareto (80/20), para entender quais são as solicitações que precisam de atuação e até classificar se existe algum tipo de solicitação (tipo de solicitação, área que solicita, solicitante...) que causa atrasos no processo. Outro ponto, a análise desses dados de processo precisa ser feita para todos os processos, então creio que ter uma página onde temos os dados básicos de todos os processos e ao clicar, abrir uma página com os dados mais específicos.
A29: 469908113 | B29: e1a1ca5b-4db7-4b4c-a025-50ef86b79eca | C29: open_question | D29: Gostaria de deixar algum comentário sobre a sua nota? (opcional) | F29: 474841120 | G29: 45988.724 | H29: 45988.726 | I29: 205.8 | K29: Windows | N29: Chrome | O29: 142.0.0.0 | P29: pt-BR | Q29: link | S29: 7d21fb01-5d64-433e-b7ee-1d0a6d38cf5f | T29: Já quero esse relatório em nossos processos (rsrs)
A30: 469908113 | B30: e1a1ca5b-4db7-4b4c-a025-50ef86b79eca | C30: open_question | D30: Gostaria de deixar algum comentário sobre a sua nota? (opcional) | F30: 474844026 | G30: 45988.728 | H30: 45988.729 | I30: 134.6 | K30: Windows | N30: Chrome | O30: 142.0.0.0 | P30: pt-PT | Q30: link | S30: e3cba70a-9b26-429f-848c-d22b8b7989c8 | T30: não
... A40: 469908113 | B40: e1a1ca5b-4db7-4b4c-a025-50ef86b79eca | C40: open_question | D40: Gostaria de deixar algum comentário sobre a sua nota? (opcional) | F40: 475223297 | G40: 45989.596 | H40: 45989.599 | I40: 201.9 | K40: Windows | N40: Edge | O40: 142.0.0.0 | P40: pt-BR | Q40: link | S40: be40201f-e944-4c20-98e6-023265e2cb23 | T40: Muito bom
A41: 469908113 | B41: e1a1ca5b-4db7-4b4c-a025-50ef86b79eca | C41: open_question | D41: Gostaria de deixar algum comentário sobre a sua nota? (opcional) | F41: 475268971 | G41: 45989.686 | H41: 45989.689 | I41: 224.6 | K41: Windows | N41: Chrome | O41: 142.0.0.0 | P41: pt-BR | Q41: link | S41: cbb550eb-5866-4fa0-9b17-6c0e3b3611a9 | T41: 7
A42: 469908113 | B42: e1a1ca5b-4db7-4b4c-a025-50ef86b79eca | C42: open_question | D42: Gostaria de deixar algum comentário sobre a sua nota? (opcional) | F42: 475275220 | G42: 45989.692 | H42: 45989.695 | I42: 243.2 | K42: Mac OS | L42: Apple | M42: Macintosh | N42: Chrome | O42: 129.0.0.0 | P42: pt-BR | Q42: link | S42: fb30134d-0e89-4745-bfa0-8da450547b1d | T42: acredito que falta apenas os gráficos mais elaborados, como teia, gráficos cruzados (colunas + linha) e botões para inserir filtros tipo looker studio.
A43: 469908113 | B43: e1a1ca5b-4db7-4b4c-a025-50ef86b79eca | C43: open_question | D43: Gostaria de deixar algum comentário sobre a sua nota? (opcional) | F43: 475366323 | G43: 45989.858 | H43: 45989.865 | I43: 660.4 | K43: Windows | N43: Chrome | O43: 142.0.0.0 | P43: pt-BR | Q43: link | S43: 3db729d1-c527-4a39-8da2-a87dbc28b39c | T43: Parabéns pela construção!! Ficou incrível e acredito que isto possa ajudar muito nas análises de eficiência dos processos.
A44: 469908113 | B44: e1a1ca5b-4db7-4b4c-a025-50ef86b79eca | C44: open_question | D44: Gostaria de deixar algum comentário sobre a sua nota? (opcional) | F44: 475530711 | G44: 45990.624 | H44: 45990.635 | I44: 934.1 | K44: Mac OS | L44: Apple | M44: Macintosh | N44: Chrome | O44: 142.0.0.0 | P44: en-US | Q44: link | S44: 05426d29-bcd0-4797-a141-bb5098f09f80 | T44: Não
A45: 469908113 | B45: e1a1ca5b-4db7-4b4c-a025-50ef86b79eca | C45: open_question | D45: Gostaria de deixar algum comentário sobre a sua nota? (opcional) | F45: 475959770 | G45: 45992.462 | H45: 45992.467 | I45: 445.2 | K45: Windows | N45: Chrome | O45: 131.0.0.0 | P45: pt-BR | Q45: link | S45: f8045e82-f735-4317-a7a6-547ab3145e5f | T45: otima interação
A46: 469908113 | B46: e1a1ca5b-4db7-4b4c-a025-50ef86b79eca | C46: open_question | D46: Gostaria de deixar algum comentário sobre a sua nota? (opcional) | F46: 475960011 | G46: 45992.465 | H46: 45992.47 | I46: 399.3 | K46: Windows | N46: Chrome | O46: 142.0.0.0 | P46: pt-PT | Q46: link | S46: 4b9060d4-661f-46a2-85b2-eb6bd62a616c | T46: Os painéis mostrados poderiam ter uma interface mais simples e de fácil entendimento.
A47: 469908113 | B47: e1a1ca5b-4db7-4b4c-a025-50ef86b79eca | C47: open_question | D47: Gostaria de deixar algum comentário sobre a sua nota? (opcional) | F47: 474837516 | G47: 45992.579 | H47: 45992.593 | I47: 1245.4 | K47: Windows | N47: Chrome | O47: 122.0.0.0 | P47: pt-BR | Q47: link | S47: fb07fc46-f40c-4053-8636-df05847948c8 | T47: .
A48: 469908113 | B48: e1a1ca5b-4db7-4b4c-a025-50ef86b79eca | C48: open_question | D48: Gostaria de deixar algum comentário sobre a sua nota? (opcional) | F48: 476055598 | G48: 45992.628 | H48: 45992.632 | I48: 362.8 | K48: Windows | N48: Chrome | O48: 142.0.0.0 | P48: pt-BR | Q48: link | S48: ae4016d6-2358-4cca-8095-562b4bb95ddf | T48: Dado sempre é fundamental, para mas consolida-lo contar a história é insdipensável. Por isso deixar o dash fluido com o passo a passo sendo definido assim, primeiro slide é respondido pelo segundo o segundo pelo terceiro e assim por diante faz mais sentido para mim e pelos meus estudos.
A49: 469908113 | B49: e1a1ca5b-4db7-4b4c-a025-50ef86b79eca | C49: open_question | D49: Gostaria de deixar algum comentário sobre a sua nota? (opcional) | F49: 476171394 | G49: 45992.794 | H49: 45992.797 | I49: 251 | K49: Windows | N49: Chrome | O49: 142.0.0.0 | P49: pt-BR | Q49: link | S49: 74751bef-ee40-4a92-bbf7-15af3e2a0727 | T49: sem comentários
A50: 469908113 | B50: e1a1ca5b-4db7-4b4c-a025-50ef86b79eca | C50: open_question | D50: Gostaria de deixar algum comentário sobre a sua nota? (opcional) | F50: 476655104 | G50: 45993.716 | H50: 45993.722 | I50: 495.7 | K50: Windows | N50: Chrome | O50: 142.0.0.0 | P50: pt-BR | Q50: link | S50: c853a36f-b89b-4948-9512-3262fd4bf483 | T50: Algumas questões eu não entendi a aplicação, em alguns casos se for possível fazer filtros seria ideial, as vezes por periodo ficaria mais claro a visão aqui nos nossos processos.

Sheet comentários utilidade
A1: Answer
A2: Agilizaria os relatórios que faço por fora do pipe.
A3: Quero para ontem, por favor
A4: Muito pratico e funcional
A5: excelente
A6: Muito útil para melhor analise do processo .
A7: O ideal é ser uma ferramenta simples mas funcional e fácil utilização, e com visualização de entendimento rápido.
A8: Não é uma área de acesso diário.. mas é útil para apresentar dados em relatórios e alinhamentos semanais.
A9: Queria acompanhar de forma fácil se tem alguém que está esquecendo de atualizar os cards
A10: Permite uma visualização rápida de tudo o que tenho, sem que eu precise encontrar o processo e analisar os indicadores.
A11: Era isso que estava buscando, estava fazendo relatórios de dados do pipefy em outra ferramenta.
A12: Para admin seria útil, porém se eles forem Gestores do processo, de fato.
... A20: Acho que cada área tem uma necessidade de visualização, por isso a criação de filtros e até mesmo a opção de modificar o relatório ajudaria muito no processo.
